,rating,salary estimate
count,1701.0,1701.0
mean,4.04814814814817,133.09288653733097
std,0.4550673296445293,24.83202183053995
min,2.1,24.5
25%,3.8,119.0
50%,4.1,135.5
75%,4.3,150.5
max,5.0,209.0
